run,train_size,Loss,Accuracy
0,40,1.9682373881340027,0.525
0,80,1.8038061738014222,0.6625
